{
  "device_id": "tracker01",
  "model_type": "RandomForest",
  "model_version": "20260224_024322",
  "version": "20260224_024322",
  "trained_at": "2026-02-24T02:43:22.462065",
  "samples_trained": 1584,
  "features": [
    "hour",
    "minute",
    "day_of_week",
    "servo_angle",
    "temperature",
    "humidity",
    "lux",
    "voltage",
    "current",
    "power",
    "fan_on",
    "power_diff",
    "lux_diff",
    "rolling_mean_power_5",
    "rolling_mean_lux_5"
  ],
  "target": "target_power_t_plus_15",
  "metrics": {
    "train": {
      "mae": 0.13762767946227894,
      "rmse": 0.3177196733181026,
      "r2": 0.9948104377926079,
      "mape": 19997259509029.23
    },
    "test": {
      "mae": 0.203360404101748,
      "rmse": 0.43259775303126774,
      "r2": 0.990585207611484,
      "mape": 28300744954578.45
    }
  },
  "feature_importance": {
    "current": 0.18153510262239428,
    "lux": 0.18107086387251203,
    "voltage": 0.17161044850260132,
    "power": 0.1663143426728025,
    "rolling_mean_lux_5": 0.10543573660769331,
    "rolling_mean_power_5": 0.09659251918823357,
    "temperature": 0.04366042103558107,
    "hour": 0.017862786735534084,
    "humidity": 0.01259281364529237,
    "servo_angle": 0.010760293023810541
  },
  "model_params": {
    "n_estimators": 100,
    "max_depth": 15,
    "min_samples_split": 10,
    "min_samples_leaf": 4,
    "max_features": "sqrt",
    "random_state": 42,
    "n_jobs": -1,
    "verbose": 0
  }
}